month,n,prop,maturity
Jan,424,0.679487179,Imm
May,566,0.739869281,Imm
Jun,1071,0.511461318,Imm
Sep,115,0.244161359,Imm
Oct,117,0.9140625,Imm
Jan,200,0.320512821,Mat
May,199,0.260130719,Mat
Jun,1000,0.477554919,Mat
Sep,313,0.664543524,Mat
Oct,3,0.0234375,Mat
Jan,0,0,S/R
May,0,0,S/R
Jun,23,0.010983763,S/R
Sep,43,0.091295117,S/R
Oct,8,0.0625,S/R
